Codon,Mutation_Count
248,1911
273,1843
175,1345
0,1039
245,888
282,740
249,738
220,475
213,446
176,444
179,434
278,336
158,333
157,324
280,311
196,297
151,283
244,283
266,282
241,274
163,272
135,270
285,268
193,265
237,261
242,245
238,240
173,239
234,237
152,229
132,225
281,217
272,215
205,205
195,202
275,201
141,196
236,187
286,183
258,177
306,174
239,171
246,169
161,160
159,160
194,152
216,150
192,149
250,147
155,144
177,143
156,143
138,137
146,137
154,134
215,128
283,125
214,124
270,121
255,121
277,120
274,118
342,116
251,114
259,114
209,112
298,111
190,111
271,110
181,107
136,106
294,106
178,105
276,104
144,104
247,103
126,102
279,100
164,99
167,98
143,97
168,96
267,91
172,90
130,89
240,86
166,84
145,84
204,83
110,83
174,82
287,81
290,78
218,76
165,76
153,75
171,75
232,75
252,74
127,74
257,73
254,73
162,73
235,71
134,69
224,65
139,65
265,65
131,64
133,63
184,63
243,62
198,62
211,61
199,61
197,59
317,58
202,58
191,57
180,56
147,56
140,55
293,55
187,55
253,54
125,54
203,54
291,54
262,53
183,53
301,53
160,53
221,51
142,51
256,51
208,50
212,50
229,49
149,49
228,49
189,49
296,48
269,48
219,48
331,48
170,47
217,46
226,45
305,45
284,44
137,43
261,43
148,42
150,42
233,41
260,41
169,40
230,40
222,39
292,39
289,39
264,39
337,38
300,38
113,37
227,36
201,36
210,33
182,33
295,33
207,32
302,31
231,30
91,30
288,30
225,30
104,30
111,29
200,29
128,29
129,28
299,27
223,27
206,27
307,27
185,27
107,25
304,25
263,25
53,24
120,24
339,24
100,24
186,24
62,24
268,24
105,23
297,23
303,21
98,19
89,19
316,18
312,18
320,17
72,17
102,17
108,17
124,17
188,17
319,17
112,16
106,16
117,16
56,16
47,16
46,15
68,15
88,15
52,15
325,15
73,15
83,14
327,14
84,14
82,14
324,14
326,14
343,14
309,14
94,13
330,13
49,13
109,13
308,13
103,13
328,12
101,12
313,12
11,12
332,12
318,12
349,11
51,11
85,11
54,11
336,11
76,11
122,11
33,11
67,11
69,11
74,10
96,10
92,10
65,10
75,10
322,10
35,10
90,10
341,10
315,10
71,9
41,9
119,9
60,9
321,9
314,9
59,9
63,8
116,8
311,8
115,8
118,8
347,8
323,8
121,8
77,8
99,7
79,7
31,7
97,7
338,7
87,7
329,7
334,7
38,6
61,6
36,6
43,6
344,6
114,6
310,6
348,6
80,6
58,6
93,6
81,5
361,5
123,5
27,5
346,5
354,5
78,5
95,5
44,5
86,5
37,5
48,5
50,4
333,4
340,4
34,4
356,4
335,4
45,4
5,3
55,3
350,3
25,3
393,3
392,3
70,3
364,3
28,3
363,3
66,3
57,3
358,3
17,3
40,3
16,2
366,2
376,2
365,2
1,2
352,2
39,2
10,2
375,2
64,2
8,2
18,2
30,2
29,2
367,2
382,2
379,2
359,2
377,2
26,2
345,2
378,1
22,1
368,1
389,1
353,1
12,1
32,1
381,1
6,1
369,1
7,1
370,1
24,1
387,1
362,1
394,1
360,1
373,1
42,1
15,1
385,1
351,1
2,1
19,1
383,1
380,1
