Codon,Mutation_Count,Position,DiversityScore
248,1911,248.0,2.0
273,1843,273.0,2.0
175,1345,175.0,2.0
0,1039,,
245,888,245.0,2.0
282,740,282.0,2.0
249,738,249.0,2.0
220,475,220.0,2.0
213,446,213.0,2.0
176,444,176.0,2.0
179,434,179.0,2.0
278,336,278.0,2.0
158,333,158.0,2.0
157,324,157.0,2.0
280,311,280.0,2.0
196,297,196.0,2.0
151,283,151.0,2.0
244,283,244.0,2.0
266,282,266.0,2.0
241,274,241.0,2.0
163,272,163.0,2.0
135,270,135.0,2.0
285,268,285.0,2.0
193,265,193.0,2.0
237,261,237.0,2.0
242,245,242.0,2.0
238,240,238.0,2.0
173,239,173.0,2.0
234,237,234.0,2.0
152,229,152.0,2.0
132,225,132.0,2.0
281,217,281.0,2.0
272,215,272.0,2.0
205,205,205.0,2.0
195,202,195.0,2.0
275,201,275.0,2.0
141,196,141.0,2.0
236,187,236.0,2.0
286,183,286.0,2.0
258,177,258.0,2.0
306,174,306.0,2.0
239,171,239.0,2.0
246,169,246.0,2.0
161,160,161.0,2.0
159,160,159.0,2.0
194,152,194.0,2.0
216,150,216.0,2.0
192,149,192.0,2.0
250,147,250.0,2.0
155,144,155.0,2.0
156,143,156.0,2.0
177,143,177.0,2.0
146,137,146.0,2.0
138,137,138.0,2.0
154,134,154.0,2.0
215,128,215.0,2.0
283,125,283.0,2.0
214,124,214.0,2.0
255,121,255.0,2.0
270,121,270.0,2.0
277,120,277.0,2.0
274,118,274.0,2.0
342,116,342.0,2.0
259,114,259.0,2.0
251,114,251.0,2.0
209,112,209.0,2.0
190,111,190.0,2.0
298,111,298.0,2.0
271,110,271.0,2.0
181,107,181.0,2.0
294,106,294.0,2.0
136,106,136.0,2.0
178,105,178.0,2.0
276,104,276.0,2.0
144,104,144.0,2.0
247,103,247.0,2.0
126,102,126.0,2.0
279,100,279.0,2.0
164,99,164.0,2.0
167,98,167.0,2.0
143,97,143.0,2.0
168,96,168.0,2.0
267,91,267.0,2.0
172,90,172.0,2.0
130,89,130.0,2.0
240,86,240.0,2.0
145,84,145.0,2.0
166,84,166.0,2.0
204,83,204.0,2.0
110,83,110.0,2.0
174,82,174.0,2.0
287,81,287.0,2.0
290,78,290.0,2.0
165,76,165.0,2.0
218,76,218.0,2.0
232,75,232.0,2.0
153,75,153.0,2.0
171,75,171.0,2.0
127,74,127.0,2.0
252,74,252.0,2.0
254,73,254.0,2.0
162,73,162.0,2.0
257,73,257.0,2.0
235,71,235.0,2.0
134,69,134.0,2.0
265,65,265.0,2.0
224,65,224.0,2.0
139,65,139.0,2.0
131,64,131.0,2.0
133,63,133.0,2.0
184,63,184.0,2.0
198,62,198.0,2.0
243,62,243.0,2.0
199,61,199.0,2.0
211,61,211.0,2.0
197,59,197.0,2.0
202,58,202.0,2.0
317,58,317.0,2.0
191,57,191.0,2.0
147,56,147.0,2.0
180,56,180.0,2.0
187,55,187.0,2.0
140,55,140.0,2.0
293,55,293.0,2.0
125,54,125.0,2.0
291,54,291.0,2.0
203,54,203.0,2.0
253,54,253.0,2.0
183,53,183.0,2.0
262,53,262.0,2.0
301,53,301.0,2.0
160,53,160.0,2.0
142,51,142.0,2.0
221,51,221.0,2.0
256,51,256.0,2.0
208,50,208.0,2.0
212,50,212.0,2.0
149,49,149.0,2.0
229,49,229.0,2.0
189,49,189.0,2.0
228,49,228.0,2.0
296,48,296.0,2.0
269,48,269.0,2.0
331,48,331.0,2.0
219,48,219.0,2.0
170,47,170.0,2.0
217,46,217.0,2.0
305,45,305.0,2.0
226,45,226.0,2.0
284,44,284.0,2.0
261,43,261.0,2.0
137,43,137.0,2.0
150,42,150.0,2.0
148,42,148.0,2.0
260,41,260.0,2.0
233,41,233.0,2.0
230,40,230.0,2.0
169,40,169.0,2.0
264,39,264.0,2.0
292,39,292.0,2.0
222,39,222.0,2.0
289,39,289.0,2.0
300,38,300.0,2.0
337,38,337.0,2.0
113,37,113.0,2.0
227,36,227.0,2.0
201,36,201.0,2.0
210,33,210.0,2.0
295,33,295.0,2.0
182,33,182.0,2.0
207,32,207.0,2.0
302,31,302.0,2.0
91,30,91.0,2.0
225,30,225.0,2.0
104,30,104.0,2.0
231,30,231.0,2.0
288,30,288.0,2.0
200,29,200.0,2.0
128,29,128.0,2.0
111,29,111.0,2.0
129,28,129.0,2.0
223,27,223.0,2.0
185,27,185.0,2.0
299,27,299.0,2.0
206,27,206.0,2.0
307,27,307.0,2.0
263,25,263.0,2.0
107,25,107.0,2.0
304,25,304.0,2.0
62,24,62.0,2.0
186,24,186.0,2.0
100,24,100.0,2.0
339,24,339.0,2.0
268,24,268.0,2.0
120,24,120.0,2.0
53,24,53.0,2.0
297,23,297.0,2.0
105,23,105.0,2.0
303,21,303.0,2.0
98,19,98.0,2.0
89,19,89.0,2.0
316,18,316.0,2.0
312,18,312.0,2.0
188,17,188.0,2.0
124,17,124.0,2.0
108,17,108.0,2.0
102,17,102.0,2.0
72,17,72.0,2.0
319,17,319.0,2.0
320,17,320.0,2.0
47,16,47.0,2.0
117,16,117.0,2.0
106,16,106.0,2.0
112,16,112.0,2.0
56,16,56.0,2.0
68,15,68.0,2.0
46,15,46.0,2.0
73,15,73.0,2.0
325,15,325.0,2.0
52,15,52.0,2.0
88,15,88.0,2.0
83,14,83.0,2.0
327,14,327.0,2.0
84,14,84.0,2.0
82,14,82.0,2.0
324,14,324.0,2.0
326,14,326.0,2.0
343,14,343.0,2.0
309,14,309.0,2.0
109,13,109.0,2.0
49,13,49.0,2.0
330,13,330.0,2.0
94,13,94.0,2.0
308,13,308.0,2.0
103,13,103.0,2.0
328,12,328.0,2.0
101,12,101.0,2.0
318,12,318.0,2.0
332,12,332.0,2.0
11,12,11.0,2.0
313,12,313.0,2.0
54,11,54.0,2.0
85,11,85.0,2.0
51,11,51.0,2.0
349,11,349.0,2.0
33,11,33.0,2.0
122,11,122.0,2.0
76,11,76.0,2.0
336,11,336.0,2.0
69,11,69.0,2.0
67,11,67.0,2.0
341,10,341.0,2.0
315,10,315.0,2.0
35,10,35.0,2.0
90,10,90.0,2.0
75,10,75.0,2.0
322,10,322.0,2.0
92,10,92.0,2.0
65,10,65.0,2.0
96,10,96.0,2.0
74,10,74.0,2.0
321,9,321.0,2.0
314,9,314.0,2.0
59,9,59.0,2.0
60,9,60.0,2.0
71,9,71.0,2.0
41,9,41.0,2.0
119,9,119.0,2.0
77,8,77.0,2.0
347,8,347.0,2.0
323,8,323.0,2.0
121,8,121.0,2.0
118,8,118.0,2.0
116,8,116.0,2.0
311,8,311.0,2.0
115,8,115.0,2.0
63,8,63.0,2.0
99,7,99.0,2.0
79,7,79.0,2.0
31,7,31.0,2.0
97,7,97.0,2.0
334,7,334.0,2.0
329,7,329.0,2.0
87,7,87.0,2.0
338,7,338.0,2.0
344,6,344.0,2.0
114,6,114.0,2.0
310,6,310.0,2.0
348,6,348.0,2.0
80,6,80.0,2.0
58,6,58.0,2.0
93,6,93.0,2.0
43,6,43.0,2.0
38,6,38.0,2.0
61,6,61.0,2.0
36,6,36.0,2.0
346,5,346.0,2.0
86,5,86.0,2.0
37,5,37.0,2.0
48,5,48.0,2.0
44,5,44.0,2.0
354,5,354.0,2.0
78,5,78.0,2.0
95,5,95.0,2.0
81,5,81.0,2.0
361,5,361.0,2.0
123,5,123.0,2.0
27,5,27.0,2.0
356,4,356.0,2.0
335,4,335.0,2.0
45,4,45.0,2.0
34,4,34.0,2.0
50,4,50.0,2.0
333,4,333.0,2.0
340,4,340.0,2.0
28,3,28.0,2.0
363,3,363.0,2.0
40,3,40.0,2.0
364,3,364.0,2.0
393,3,393.0,2.0
392,3,392.0,2.0
70,3,70.0,2.0
57,3,57.0,2.0
358,3,358.0,2.0
17,3,17.0,2.0
350,3,350.0,2.0
25,3,25.0,2.0
5,3,5.0,2.0
55,3,55.0,2.0
66,3,66.0,2.0
10,2,10.0,2.0
39,2,39.0,2.0
352,2,352.0,2.0
375,2,375.0,2.0
18,2,18.0,2.0
8,2,8.0,2.0
64,2,64.0,2.0
29,2,29.0,2.0
367,2,367.0,2.0
382,2,382.0,2.0
379,2,379.0,2.0
30,2,30.0,2.0
26,2,26.0,2.0
377,2,377.0,2.0
359,2,359.0,2.0
345,2,345.0,2.0
16,2,16.0,2.0
366,2,366.0,2.0
376,2,376.0,2.0
365,2,365.0,2.0
1,2,1.0,2.0
389,1,389.0,2.0
353,1,353.0,2.0
12,1,12.0,2.0
32,1,32.0,2.0
381,1,381.0,2.0
6,1,6.0,2.0
369,1,369.0,2.0
7,1,7.0,2.0
370,1,370.0,2.0
24,1,24.0,2.0
360,1,360.0,2.0
394,1,394.0,2.0
362,1,362.0,2.0
387,1,387.0,2.0
22,1,22.0,2.0
368,1,368.0,2.0
378,1,378.0,2.0
373,1,373.0,2.0
42,1,42.0,2.0
15,1,15.0,2.0
385,1,385.0,2.0
351,1,351.0,2.0
2,1,2.0,2.0
19,1,19.0,2.0
383,1,383.0,2.0
380,1,380.0,2.0
